Behaviors,Channel
Buy only item that almost runs out first,online
Buy only item that almost runs out first,online
Buy only item that almost runs out first,online
Buy only item that almost runs out first,online
Buy only item that almost runs out first,online
Buy only item that almost runs out first,onsite
Buy only item that almost runs out first,onsite
Buy only item that almost runs out first,onsite
Buy only item that almost runs out first,both
Buy only item that almost runs out first,both
Buy only item that almost runs out first,both
Buy only item that almost runs out first,both
Buy only item that almost runs out first,both
Make a plan to buy many stuff atonce,online
Make a plan to buy many stuff atonce,online
Make a plan to buy many stuff atonce,online
Make a plan to buy many stuff atonce,online
Make a plan to buy many stuff atonce,online
Make a plan to buy many stuff atonce,online
Make a plan to buy many stuff atonce,onsite
Make a plan to buy many stuff atonce,onsite
Make a plan to buy many stuff atonce,both
Make a plan to buy many stuff atonce,both
Make a plan to buy many stuff atonce,both
Make a plan to buy many stuff atonce,both
Make a plan to buy many stuff atonce,both
Make a plan to buy many stuff atonce,both
Make a plan to buy many stuff atonce,both
Always stock up more than 1piece for each item,online
Always stock up more than 1piece for each item,online
Always stock up more than 1piece for each item,onsite
Always stock up more than 1piece for each item,both
Always stock up more than 1piece for each item,both
Always stock up more than 1piece for each item,both
Always stock up more than 1piece for each item,both
Just buy 1 item for the particulartime,online
Just buy 1 item for the particulartime,online
Just buy 1 item for the particulartime,online
Just buy 1 item for the particulartime,onsite
Just buy 1 item for the particulartime,both
Just buy 1 item for the particulartime,both
